id,image_slot,author,poem_title,category,mood,stanza,source,license
LS001,image_001,Percy Bysshe Shelley,,Love & Separation,Romantic,"But my heart has a music which Echo’s lips,
Though tender and true, yet can answer not,
And the shadow that moves in the soul’s eclipse                      _10
Can return not the kiss by his now forgot;
Sweet lips! he who hath
On my desolate path
Cast the darkness of absence, worse than death!",https://www.gutenberg.org/ebooks/4800,Public domain / CC0 dataset
LS002,image_002,William Wordsworth,,Love & Separation,Romantic,"His father said, that to a distant town
He must repair, to ply the artist’s trade.
What tears of bitter grief till then unknown!
What tender vows our last sad kiss delayed!
To him we turned:--we had no other aid.
Like one revived, upon his neck I wept,
And her whom he had loved in joy, he said
He well could love in grief: his faith he kept;
And in a quiet home once more my father slept.",https://www.gutenberg.org/ebooks/9622,Public domain / CC0 dataset
LS003,image_003,Percy Bysshe Shelley,,Love & Separation,Romantic,"2.
I can give not what men call love,
But wilt thou accept not                                             _10
The worship the heart lifts above
And the Heavens reject not,—
The desire of the moth for the star,
Of the night for the morrow,
The devotion to something afar                                       _15
From the sphere of our sorrow?",https://www.gutenberg.org/ebooks/4800,Public domain / CC0 dataset
LS004,image_004,Percy Bysshe Shelley,FRAGMENT: SUPPOSED TO BE AN EPITHALAMIUM OF FRANCIS RAVAILLAC,Love & Separation,Romantic,"FRANCIS:
‘Soft, my dearest angel, stay,
Oh! you suck my soul away;
Suck on, suck on, I glow, I glow!
Tides of maddening passion roll,                                     _85
And streams of rapture drown my soul.
Now give me one more billing kiss,
Let your lips now repeat the bliss,
Endless kisses steal my breath,
No life can equal such a death.’                                     _90",https://www.gutenberg.org/ebooks/4800,Public domain / CC0 dataset
LS005,image_005,Percy Bysshe Shelley,,Love & Separation,Romantic,"6.
She would have clasped me to her glowing frame;                      _4270
Those warm and odorous lips might soon have shed
On mine the fragrance and the invisible flame
Which now the cold winds stole;—she would have laid
Upon my languid heart her dearest head;
I might have heard her voice, tender and sweet;                      _4275
Her eyes, mingling with mine, might soon have fed
My soul with their own joy.—One moment yet
I gazed—we parted then, never again to meet!",https://www.gutenberg.org/ebooks/4800,Public domain / CC0 dataset
LS006,image_006,Percy Bysshe Shelley,FRAGMENT: SUPPOSED TO BE AN EPITHALAMIUM OF FRANCIS RAVAILLAC,Love & Separation,Romantic,"Yes, Francis! thine was the dear knife that tore
A tyrant’s heart-strings from his guilty breast,
Thine was the daring at a tyrant’s gore,
To smile in triumph, to contemn the rest;
And thine, loved glory of thy sex! to tear                           _55
From its base shrine a despot’s haughty soul,
To laugh at sorrow in secure despair,
To mock, with smiles, life’s lingering control,
And triumph mid the griefs that round thy fate did roll.",https://www.gutenberg.org/ebooks/4800,Public domain / CC0 dataset
LS007,image_007,Edgar Allan Poe,Kind solace in a dying hour!,Love & Separation,Romantic,"O, human love! thou spirit given,
On Earth, of all we hope in Heaven!
Which fall’st into the soul like rain
Upon the Siroc-withered plain,
And, failing in thy power to bless,
But leav’st the heart a wilderness!
Idea! which bindest life around
With music of so strange a sound
And beauty of so wild a birth—
Farewell! for I have won the Earth.",https://www.gutenberg.org/ebooks/76996,Public domain / CC0 dataset
LS008,image_008,William Blake,,Love & Separation,Romantic,"But he that loves the lowly, pours his oil upon my head
And kisses me, and binds his nuptial bands around my breast.
And says; Thou mother of my children, I have loved thee
And I have given thee a crown that none can take away.
But how this is sweet maid, I know not, and I cannot know
I ponder, and I cannot ponder; yet I live and love.",https://www.gutenberg.org/ebooks/574,Public domain / CC0 dataset
LS009,image_009,H. W. Longfellow,II,Love & Separation,Romantic,"""Who knows? perhaps I am forsaken!
Ah! woe is me! then bear me to my grave!
O God! what thoughts within me waken!
Away! he will return!  I do but rave!
He will return!  I need not fear!
He swore it by our Saviour dear;
He could not come at his own will;
Is weary, or perhaps is ill!
Perhaps his heart, in this disguise,
Prepares for me some sweet surprise!
But some one comes!  Though blind, my heart can see!
And that deceives me not! 't is he! 't is he!""",https://www.gutenberg.org/ebooks/1365,Public domain / CC0 dataset
LS010,image_010,Samuel Taylor Coleridge,,Love & Separation,Romantic,"How yon sweet Child my Bosom's grief beguiles
With soul-subduing Eloquence of smiles!
Ah lovely Babe! in thee myself I scan--
Thou weepest! sure those Tears proclaim thee Man!
And now some glitt'ring Toy arrests thine eye,
And to quick laughter turns the peevish cry.
Poor Stumbler on the rocky coast of Woe,
Tutor'd by Pain the source of Pain to know!
Alike the foodful Fruit and scorching Fire
Awake thy eager grasp and young desire;
Alike the Good, the Ill thy aching sight
Scare with the keen Emotions of Affright!",https://www.gutenberg.org/ebooks/29090,Public domain / CC0 dataset
LS011,image_011,Samuel Taylor Coleridge,Hast thou a charm to stay the morning-star,Love & Separation,Romantic,"Awake, my soul! not only passive praise
Thou owest! not alone these swelling tears,                         25
Mute thanks and secret ecstasy! Awake,
Voice of sweet song! Awake, my heart, awake!
Green vales and icy cliffs, all join my Hymn.",https://www.gutenberg.org/ebooks/29090,Public domain / CC0 dataset
LS012,image_012,Christina Rossetti,,Love & Separation,Romantic,"I wonder if the spring-tide of this year
Will bring another Spring both lost and dear;
If heart and spirit will find out their Spring,
Or if the world alone will bud and sing:
Sing, hope, to me!
Sweet notes, my hope, soft notes for memory.",https://www.gutenberg.org/ebooks/19188,Public domain / CC0 dataset
LS013,image_013,Christina Rossetti,,Love & Separation,Romantic,"I wonder if the springtide of this year
Will bring another Spring both lost and dear;
If heart and spirit will find out their Spring,
Or if the world alone will bud and sing:                           10
Sing, hope, to me;
Sweet notes, my hope, soft notes for memory.",https://www.gutenberg.org/ebooks/16950,Public domain / CC0 dataset
LS014,image_014,H. W. Longfellow,AT LA CHAUDEAU,Love & Separation,Romantic,"At La Chaudeau nor heart nor brain
Ever grows old with grief and pain;
A sweet remembrance keeps off age;
A tender friendship doth still assuage
The burden of sorrow that one may know
At La Chaudeau.",https://www.gutenberg.org/ebooks/1365,Public domain / CC0 dataset
LS015,image_015,Percy Bysshe Shelley,,Love & Separation,Romantic,"Thy look of love has power to calm
The stormiest passion of my soul;
Thy gentle words are drops of balm
In life’s too bitter bowl;
No grief is mine, but that alone                                     _5
These choicest blessings I have known.",https://www.gutenberg.org/ebooks/4800,Public domain / CC0 dataset
LS016,image_016,Walt Whitman,Behold This Swarthy Face,Love & Separation,Romantic,"Behold this swarthy face, these gray eyes,
This beard, the white wool unclipt upon my neck,
My brown hands and the silent manner of me without charm;
Yet comes one a Manhattanese and ever at parting kisses me lightly
on the lips with robust love,
And I on the crossing of the street or on the ship’s deck give a
kiss in return,
We observe that salute of American comrades land and sea,
We are those two natural and nonchalant persons.",https://www.gutenberg.org/ebooks/1322,Public domain / CC0 dataset
LS017,image_017,William Wordsworth,,Love & Separation,Romantic,"The tears into his eyes were brought,
And thanks and praises seemed to run
So fast out of his heart, I thought
They never would have done.
--I’ve heard of hearts unkind, kind deeds
With coldness still returning.
Alas! the gratitude of men
Has oftner left me mourning.",https://www.gutenberg.org/ebooks/9622,Public domain / CC0 dataset
LS018,image_018,William Blake,,Love & Separation,Romantic,"The daughter of beauty wip'd her pitying tears with her white veil,
And said, Alas!  I knew not this, and therefore did I weep:
That God would love a Worm I knew, and punish the evil foot
That wilful bruis'd its helpless form: but that he cherish'd it
With milk and oil I never knew, and therefore did I weep,
And I complaind in the mild air, because I fade away.
And lay me down in thy cold bed, and leave my shining lot.",https://www.gutenberg.org/ebooks/574,Public domain / CC0 dataset
LS019,image_019,Christina Rossetti,,Love & Separation,Romantic,"I have no wit, no words, no tears;
My heart within me like a stone
Is numbed too much for hopes or fears;
Look right, look left, I dwell alone;
I lift mine eyes, but dimmed with grief
No everlasting hills I see;
My life is in the falling leaf:
O Jesus, quicken me!",https://www.gutenberg.org/ebooks/19188,Public domain / CC0 dataset
LS020,image_020,Christina Rossetti,,Love & Separation,Romantic,"I have no wit, no words, no tears;
My heart within me like a stone
Is numbed too much for hopes or fears.
Look right, look left, I dwell alone;
I lift mine eyes, but dimmed with grief
No everlasting hills I see;
My life is in the falling leaf:
O Jesus, quicken me.",https://www.gutenberg.org/ebooks/16950,Public domain / CC0 dataset
LS021,image_021,Walt Whitman,Out of the Rolling Ocean the Crowd,Love & Separation,Romantic,"Now we have met, we have look’d, we are safe,
Return in peace to the ocean my love,
I too am part of that ocean my love, we are not so much separated,
Behold the great rondure, the cohesion of all, how perfect!
But as for me, for you, the irresistible sea is to separate us,
As for an hour carrying us diverse, yet cannot carry us diverse forever;
Be not impatient--a little space--know you I salute the air, the
ocean and the land,
Every day at sundown for your dear sake my love.",https://www.gutenberg.org/ebooks/1322,Public domain / CC0 dataset
LS022,image_022,Samuel Taylor Coleridge,,Love & Separation,Romantic,"_Alvar._                      O joy unutterable!
But hark! a sound as of removing bars
At the dungeon's outer door. A brief, brief while
Conceal thyself, my love! It is Ordonio.
For the honour of our race, for our dear father;
O for himself too (he is still my brother)
Let me recall him to his nobler nature,
That he may wake as from a dream of murder!
O let me reconcile him to himself,
Open the sacred source of penitent tears,
And be once more his own beloved Alvar.",https://www.gutenberg.org/ebooks/29090,Public domain / CC0 dataset
LS023,image_023,Samuel Taylor Coleridge,SCENE I,Love & Separation,Romantic,"_Alvar._                      O joy unutterable!
But hark! a sound as of removing bars
At the dungeon's outer door. A brief, brief while                   90
Conceal thyself, my love! It is Ordonio.
For the honour of our race, for our dear father;
O for himself too (he is still my brother)
Let me recall him to his nobler nature,
That he may wake as from a dream of murder!                         95
O let me reconcile him to himself,
Open the sacred source of penitent tears,
And be once more his own beloved Alvar.",https://www.gutenberg.org/ebooks/29090,Public domain / CC0 dataset
LS024,image_024,H. W. Longfellow,,Love & Separation,Romantic,"ENDICOTT.
O lost, O loved! wilt thou return no more?
O loved and lost, and loved the more when lost!
How many men are dragged into their graves
By their rebellious children!  I now feel
The agony of a father's breaking heart
In David's cry, ""O Absalom, my son!""",https://www.gutenberg.org/ebooks/1365,Public domain / CC0 dataset
LS025,image_025,H. W. Longfellow,"SCENE IV. -- PRECIOSA'S chamber.  She is sitting, with a book in",Love & Separation,Romantic,"Lara.         I swear to you,
I would not harm you; I would only love you.
I would not take your honor, but restore it,
And in return I ask but some slight mark
Of your affection.  If indeed you love me,
As you confess you do, O let me thus
With this embrace--",https://www.gutenberg.org/ebooks/1365,Public domain / CC0 dataset
LS026,image_026,Samuel Taylor Coleridge,Nor travels my meandering eye,Love & Separation,Romantic,"O mark those smiling tears, that swell
The open'd rose! From heaven they fell,
And with the sun-beam blend.
Blest visitations from above,                                       70
Such are the tender woes of Love
Fostering the heart they bend!",https://www.gutenberg.org/ebooks/29090,Public domain / CC0 dataset
LS027,image_027,H. W. Longfellow,,Love & Separation,Romantic,"VITTORIA.
Come to my arms and to my heart once more;
My soul goes out to meet you and embrace you,
For we are of the sisterhood of sorrow.
I know what you have suffered.",https://www.gutenberg.org/ebooks/1365,Public domain / CC0 dataset
LS028,image_028,H. W. Longfellow,,Love & Separation,Romantic,"Something the heart must have to cherish,
Must love and joy and sorrow learn,
Something with passion clasp or perish,
And in itself to ashes burn.",https://www.gutenberg.org/ebooks/1365,Public domain / CC0 dataset
LS029,image_029,H. W. Longfellow,THE STUDENT’S TALE,Love & Separation,Romantic,"The one, close-hooded, had the attractive grace
Which sorrow sometimes lends a woman’s face;
Her dark eyes moistened with the mists that roll
From the gulf-stream of passion in the soul;
The other with her hood thrown back, her hair
Making a golden glory in the air,
Her cheeks suffused with an auroral blush,
Her young heart singing louder than the thrush.
So walked, that morn, through mingled light and shade,
Each by the other’s presence lovelier made,
Monna Giovanna and her bosom friend,
Intent upon their errand and its end.",https://www.gutenberg.org/ebooks/1365,Public domain / CC0 dataset
LS030,image_030,H. W. Longfellow,THE STUDENT’S TALE,Love & Separation,Romantic,"Ser Federigo listens, and replies,
With tears of love and pity in his eyes:
“Alas, dear lady! there can be no task
So sweet to me, as giving when you ask.
One little hour ago, if I had known
This wish of yours, it would have been my own.
But thinking in what manner I could best
Do honor to the presence of my guest,
I deemed that nothing worthier could be
Than what most dear and precious was to me,
And so my gallant falcon breathed his last
To furnish forth this morning our repast.”",https://www.gutenberg.org/ebooks/1365,Public domain / CC0 dataset
LS031,image_031,Samuel Taylor Coleridge,,Love & Separation,Romantic,"_Robespierre._      Most unworthy wish!
He, whose heart sickens at the blood of traitors,                  100
Would be himself a traitor, were he not
A coward! 'Tis congenial souls alone
Shed tears of sorrow for each other's fate.
O thou art brave, my brother! and thine eye
Full firmly shines amid the groaning battle--                      105
Yet in thine heart the woman-form of pity
Asserts too large a share, an ill-timed guest!
There is unsoundness in the state--To-morrow
Shall see it cleans'd by wholesome massacre!",https://www.gutenberg.org/ebooks/29090,Public domain / CC0 dataset
LS032,image_032,Walt Whitman,Old Ireland,Love & Separation,Romantic,"Far hence amid an isle of wondrous beauty,
Crouching over a grave an ancient sorrowful mother,
Once a queen, now lean and tatter’d seated on the ground,
Her old white hair drooping dishevel’d round her shoulders,
At her feet fallen an unused royal harp,
Long silent, she too long silent, mourning her shrouded hope and heir,
Of all the earth her heart most full of sorrow because most full of love.",https://www.gutenberg.org/ebooks/1322,Public domain / CC0 dataset
LS033,image_033,Walt Whitman,So Long!,Love & Separation,Romantic,"Dear friend whoever you are take this kiss,
I give it especially to you, do not forget me,
I feel like one who has done work for the day to retire awhile,
I receive now again of my many translations, from my avataras
ascending, while others doubtless await me,
An unknown sphere more real than I dream’d, more direct, darts
awakening rays about me, So long!
Remember my words, I may again return,
I love you, I depart from materials,
I am as one disembodied, triumphant, dead.",https://www.gutenberg.org/ebooks/1322,Public domain / CC0 dataset
LS034,image_034,H. W. Longfellow,SCENE V. -- The Gypsy camp in the forest.  Night.  Gypsies,Love & Separation,Romantic,"Hyp.                      So farewell,
The student's wandering life!  Sweet serenades,
Sung under ladies' windows in the night,
And all that makes vacation beautiful!
To you, ye cloistered shades of Alcala,
To you, ye radiant visions of romance,
Written in books, but here surpassed by truth,
The Bachelor Hypolito returns,
And leaves the Gypsy with the Spanish Student.",https://www.gutenberg.org/ebooks/1365,Public domain / CC0 dataset
LS035,image_035,H. W. Longfellow,THE NEIGHBORING NUNNERY,Love & Separation,Romantic,"IRMINGARD.
The night is silent, the wind is still,
The moon is looking from yonder hill
Down upon convent, and grove, and garden;
The clouds have passed away from her face,
Leaving behind them no sorrowful trace,
Only the tender and quiet grace
Of one whose heart has been healed with pardon!",https://www.gutenberg.org/ebooks/1365,Public domain / CC0 dataset
LS036,image_036,H. W. Longfellow,VII,Love & Separation,Romantic,"MONK.
The yearning of my heart, my sole desire,
That like the sheaf of Joseph stands up right,
While all the others bend and bow to it;
The passion that torments me, and that breathes
New meaning into the dead forms of prayer,
Is that with mortal eyes I may behold
The Eternal City.",https://www.gutenberg.org/ebooks/1365,Public domain / CC0 dataset
LS037,image_037,John Keats,,Love & Separation,Romantic,"At length burst in the argent revelry,
With plume, tiara, and all rich array,
Numerous as shadows haunting fairily
The brain, new stuff'd, in youth, with triumphs gay        40
Of old romance. These let us wish away,
And turn, sole-thoughted, to one Lady there,
Whose heart had brooded, all that wintry day,
On love, and wing'd St. Agnes' saintly care,
As she had heard old dames full many times declare.",https://www.gutenberg.org/ebooks/23684,Public domain / CC0 dataset
LS038,image_038,Robert Browning,A PRETTY WOMAN,Love & Separation,Romantic,"Or else kiss away one's soul on her?
Your love-fancies!
--A sick man sees
Truer, when his hot eyes roll on her!                                        60",https://www.gutenberg.org/ebooks/16376,Public domain / CC0 dataset
LS039,image_039,Samuel Taylor Coleridge,,Love & Separation,Romantic,"[13 foll.] _Treacherous Fiend!_ guilt deep as thine could not be, yet
the love of kind not extinguished. But if having done what thou hast
done, thou hadst yet the heart of man within thee, and the yearning of
the soul for its answering image and completing counterpart, O spirit,
desperately wicked! the sentence thou counsellest had been thy own!
1828.",https://www.gutenberg.org/ebooks/29090,Public domain / CC0 dataset
LS040,image_040,Samuel Taylor Coleridge,52,Love & Separation,Romantic,"I stand alone, nor tho' my heart should break,
Have I, to whom I may complain or speak.
Here I stand, a hopeless man and sad,
Who hoped to have seen my Love, my Life.
And strange it were indeed, could I be glad
Remembering her, my soul's betrothéd wife.
For in this world no creature that has life
Was e'er to me so gracious and so good.
Her loss is to my Heart, like the Heart's blood.",https://www.gutenberg.org/ebooks/29090,Public domain / CC0 dataset
LS041,image_041,Sara Teasdale,Until I lose my soul and lie,Love & Separation,Romantic,"Until my heart is quenched at length
And I have left the land of men,
Oh, let me love with all my strength
Careless if I am loved again.",https://www.gutenberg.org/ebooks/442,Public domain / CC0 dataset
LS042,image_042,Walt Whitman,Out of the Cradle Endlessly Rocking,Love & Separation,Romantic,"O you singer solitary, singing by yourself, projecting me,
O solitary me listening, never more shall I cease perpetuating you,
Never more shall I escape, never more the reverberations,
Never more the cries of unsatisfied love be absent from me,
Never again leave me to be the peaceful child I was before what
there in the night,
By the sea under the yellow and sagging moon,
The messenger there arous’d, the fire, the sweet hell within,
The unknown want, the destiny of me.",https://www.gutenberg.org/ebooks/1322,Public domain / CC0 dataset
LS043,image_043,William Wordsworth,,Love & Separation,Romantic,"Can I forget that miserable hour,
When from the last hill-top, my sire surveyed,
Peering above the trees, the steeple tower,
That on his marriage-day sweet music made?
Till then he hoped his bones might there be laid,
Close by my mother in their native bowers:
Bidding me trust in God, he stood and prayed,--
I could not pray:--through tears that fell in showers,
Glimmer’d our dear-loved home, alas! no longer ours!",https://www.gutenberg.org/ebooks/9622,Public domain / CC0 dataset
LS044,image_044,Edgar Allan Poe,,Love & Separation,Romantic,"Of what in other worlds shall be—and given
In beauty by our God, to those alone
Who otherwise would fall from life and Heaven,
Drawn by their heart’s passion, and that tone,
That high tone of the spirit, which hath striven
Though not with Faith—with godliness—whose throne
With desperate energy ’t hath beaten down;
Wearing its own deep feeling as a crown.",https://www.gutenberg.org/ebooks/76996,Public domain / CC0 dataset
LS045,image_045,H. W. Longfellow,IX,Love & Separation,Romantic,"Too late! too late!  I shall not see Him more
Among the living.  That sweet, patient face
Will never more rebuke me, nor those lips
Repeat the words: One of you shall betray me!
It stung me into madness.  How I loved,
Yet hated Him: But in the other world!
I will be there before Him, and will wait
Until he comes, and fall down on my knees
And kiss his feet, imploring pardon, pardon!",https://www.gutenberg.org/ebooks/1365,Public domain / CC0 dataset
LS046,image_046,H. W. Longfellow,SUNDOWN,Love & Separation,Romantic,"O beautiful, awful summer day,
What hast thou given, what taken away?
Life and death, and love and hate,
Homes made happy or desolate,
Hearts made sad or gay!",https://www.gutenberg.org/ebooks/1365,Public domain / CC0 dataset
LS047,image_047,John Keats,,Love & Separation,Romantic,"Heard melodies are sweet, but those unheard
Are sweeter; therefore, ye soft pipes, play on;
Not to the sensual ear, but, more endear'd,
Pipe to the spirit ditties of no tone:
Fair youth, beneath the trees, thou canst not leave
Thy song, nor ever can those trees be bare;
Bold Lover, never, never canst thou kiss,
Though winning near the goal--yet, do not grieve;
She cannot fade, though thou hast not thy bliss,
For ever wilt thou love, and she be fair!                20",https://www.gutenberg.org/ebooks/23684,Public domain / CC0 dataset
LS048,image_048,Samuel Taylor Coleridge,SCENE VI,Love & Separation,Romantic,"Her bosom is swelling with sorrow;
The world it is empty, the heart will die,
There's nothing to wish for beneath the sky:                   30
Thou Holy One, call thy child away!
I've lived and loved, and that was to-day--
Make ready my grave-clothes to-morrow.[653:1]",https://www.gutenberg.org/ebooks/29090,Public domain / CC0 dataset
LS049,image_049,Thomas Hardy,"’TWAS a death-bed summons, and forth I went",Love & Separation,Romantic,"A smarter grief within me wrought
Than even at loss of her so dear;
Dead the being whose soul my soul suffused,
Her child ill-used,
I helpless to interfere!",https://www.gutenberg.org/ebooks/3167,Public domain / CC0 dataset
LS050,image_050,Walt Whitman,Crossing Brooklyn Ferry,Love & Separation,Romantic,"You have waited, you always wait, you dumb, beautiful ministers,
We receive you with free sense at last, and are insatiate henceforward,
Not you any more shall be able to foil us, or withhold yourselves from us,
We use you, and do not cast you aside--we plant you permanently within us,
We fathom you not--we love you--there is perfection in you also,
You furnish your parts toward eternity,
Great or small, you furnish your parts toward the soul.",https://www.gutenberg.org/ebooks/1322,Public domain / CC0 dataset
LS051,image_051,Christina Rossetti,"The mystery of Life, the mystery",Love & Separation,Romantic,"As a Dove,
Not alone,
In a world of her own
Full of fluttering soft noises
And tender sweet voices
Of love.",https://www.gutenberg.org/ebooks/19188,Public domain / CC0 dataset
LS052,image_052,H. W. Longfellow,CADENABBIA,Love & Separation,Romantic,"Sweet vision!  Do not fade away;
Linger until my heart shall take
Into itself the summer day,
And all the beauty of the lake.",https://www.gutenberg.org/ebooks/1365,Public domain / CC0 dataset
LS053,image_053,John Keats,,Love & Separation,Romantic,"""Ah, Porphyro!"" said she, ""but even now
Thy voice was at sweet tremble in mine ear,
Made tuneable with every sweetest vow;
And those sad eyes were spiritual and clear:              310
How chang'd thou art! how pallid, chill, and drear!
Give me that voice again, my Porphyro,
Those looks immortal, those complainings dear!
Oh leave me not in this eternal woe,
For if thou diest, my Love, I know not where to go.""",https://www.gutenberg.org/ebooks/23684,Public domain / CC0 dataset
LS054,image_054,John Keats,,Love & Separation,Romantic,"Fade far away, dissolve, and quite forget
What thou among the leaves hast never known,
The weariness, the fever, and the fret
Here, where men sit and hear each other groan;
Where palsy shakes a few, sad, last gray hairs,
Where youth grows pale, and spectre-thin, and dies;
Where but to think is to be full of sorrow
And leaden-eyed despairs,
Where Beauty cannot keep her lustrous eyes,
Or new Love pine at them beyond to-morrow.               30",https://www.gutenberg.org/ebooks/23684,Public domain / CC0 dataset
LS055,image_055,Samuel Taylor Coleridge,SCENE III,Love & Separation,Romantic,"_Wallenstein._ Give her sorrow leave to talk!
Let her complain--mingle your tears with hers,                      20
For she hath suffered a deep anguish; but
She'll rise superior to it, for my Thekla
Hath all her father's unsubdued heart.",https://www.gutenberg.org/ebooks/29090,Public domain / CC0 dataset
LS056,image_056,Samuel Taylor Coleridge,TO MISS A. T.[482:1],Love & Separation,Romantic,"Verse, pictures, music, thoughts both grave and gay,
Remembrances of dear-loved friends away,
On spotless page of virgin white displayed,
Such should thine Album be, for such art thou, sweet maid!",https://www.gutenberg.org/ebooks/29090,Public domain / CC0 dataset
LS057,image_057,William Wordsworth,,Love & Separation,Romantic,"MARIA.
O my dear Mother! this strange man has left me
Troubled with wilder fancies, than the moon
Breeds in the love-sick maid who gazes at it,
Till lost in inward vision, with wet eye
She gazes idly!--But that entrance, Mother!",https://www.gutenberg.org/ebooks/9622,Public domain / CC0 dataset
LS058,image_058,H. W. Longfellow,,Love & Separation,Romantic,"The friends who leave us do not feel the sorrow
Of parting, as we feel it, who must stay
Lamenting day by day,
And knowing, when we wake upon the morrow,
We shall not find in its accustomed place
The one beloved face.",https://www.gutenberg.org/ebooks/1365,Public domain / CC0 dataset
LS059,image_059,H. W. Longfellow,THE STUDENT’S TALE,Love & Separation,Romantic,"In mute contrition, mingled with dismay,
The gentle lady tuned her eyes away,
Grieving that he such sacrifice should make,
And kill his falcon for a woman’s sake,
Yet feeling in her heart a woman’s pride,
That nothing she could ask for was denied;
Then took her leave, and passed out at the gate
With footstep slow and soul disconsolate.",https://www.gutenberg.org/ebooks/1365,Public domain / CC0 dataset
LS060,image_060,Robert Browning,A TALE,Love & Separation,Romantic,"All was lost, then! No! a cricket
(What ""cicada""? Pooh!)
--Some mad thing that left its thicket
For mere love of music--flew                                               40
With its little heart on fire,
Lighted on the crippled lyre.",https://www.gutenberg.org/ebooks/16376,Public domain / CC0 dataset
LS061,image_061,Samuel Taylor Coleridge,ANOTHER VERSION,Love & Separation,Romantic,"The builder left one narrow rent,
Two wedded hearts, if ere were such,
Contented most in discontent,
Still there cling, and try in vain to touch!
O Joy! with thy own joy at strife,
That yearning for the Realm above
Wouldst die into intenser Life,
And Union absolute of Love!",https://www.gutenberg.org/ebooks/29090,Public domain / CC0 dataset
LS062,image_062,Samuel Taylor Coleridge,SCENE III,Love & Separation,Romantic,"_Wallenstein._ Permit her her own will.
Leave her alone with him: for there are sorrows,
Where of necessity the soul must be
Its own support. A strong heart will rely
On its own strength alone. In her own bosom,                        60
Not in her mother's arms, must she collect
The strength to rise superior to this blow.
It is mine own brave girl. I'll have her treated
Not as the woman, but the heroine.                    [_Going._",https://www.gutenberg.org/ebooks/29090,Public domain / CC0 dataset
LS063,image_063,Alfred Tennyson,,Love & Separation,Romantic,"4.
I said to the lily, 'There is but one
With whom she has heart to be gay.
When will the dancers leave her alone?
She is weary of dance and play.'
Now half to the setting moon are gone,
And half to the rising day;
Low on the sand and loud on the stone
The last wheel echoes away.",https://www.gutenberg.org/ebooks/56913,Public domain / CC0 dataset
LS064,image_064,Walt Whitman,A Riddle Song,Love & Separation,Romantic,"How many travelers started from their homes and neer return’d!
How much of genius boldly staked and lost for it!
What countless stores of beauty, love, ventur’d for it!
How all superbest deeds since Time began are traceable to it--and
shall be to the end!
How all heroic martyrdoms to it!
How, justified by it, the horrors, evils, battles of the earth!
How the bright fascinating lambent flames of it, in every age and
land, have drawn men’s eyes,
Rich as a sunset on the Norway coast, the sky, the islands, and the cliffs,
Or midnight’s silent glowing northern lights unreachable.",https://www.gutenberg.org/ebooks/1322,Public domain / CC0 dataset
LS065,image_065,H. W. Longfellow,II,Love & Separation,Romantic,"""I know it!"" answered Margaret;
Whom the vision, with aspect black as jet,
Mastered again; and its hand of ice
Held her heart crushed, as in a vice!
""Paul, be not sad!  'T is a holiday;
To-morrow put on thy doublet gay!
But leave me now for a while alone.""
Away, with a hop and a jump, went Paul,
And, as he whistled along the hall,
Entered Jane, the crippled crone.",https://www.gutenberg.org/ebooks/1365,Public domain / CC0 dataset
LS066,image_066,Walt Whitman,Now Finale to the Shore,Love & Separation,Romantic,"Now finale to the shore,
Now land and life finale and farewell,
Now Voyager depart, (much, much for thee is yet in store,)
Often enough hast thou adventur’d o’er the seas,
Cautiously cruising, studying the charts,
Duly again to port and hawser’s tie returning;
But now obey thy cherish’d secret wish,
Embrace thy friends, leave all in order,
To port and hawser’s tie no more returning,
Depart upon thy endless cruise old Sailor.",https://www.gutenberg.org/ebooks/1322,Public domain / CC0 dataset
LS067,image_067,Walt Whitman,"[IV]  Last of Ebb, and Daylight Waning",Love & Separation,Romantic,"How they sweep down and out! how they mutter!
Poets unnamed--artists greatest of any, with cherish’d lost designs,
Love’s unresponse--a chorus of age’s complaints--hope’s last words,
Some suicide’s despairing cry, Away to the boundless waste, and
never again return.",https://www.gutenberg.org/ebooks/1322,Public domain / CC0 dataset
LS068,image_068,Walt Whitman,A Song of Joys,Love & Separation,Romantic,"For not life’s joys alone I sing, repeating--the joy of death!
The beautiful touch of Death, soothing and benumbing a few moments,
for reasons,
Myself discharging my excrementitious body to be burn’d, or render’d
to powder, or buried,
My real body doubtless left to me for other spheres,
My voided body nothing more to me, returning to the purifications,
further offices, eternal uses of the earth.",https://www.gutenberg.org/ebooks/1322,Public domain / CC0 dataset
LS069,image_069,Edna St. Vincent Millay,All I could see from where I stood,Love & Separation,Romantic,"The world stands out on either side
No wider than the heart is wide;
Above the world is stretched the sky,--
No higher than the soul is high.
The heart can push the sea and land
Farther away on either hand;
The soul can split the sky in two,
And let the face of God shine through.
But East and West will pinch the heart
That can not keep them pushed apart;
And he whose soul is flat--the sky
Will cave in on him by and by.",https://www.gutenberg.org/ebooks/109,Public domain / CC0 dataset
LS070,image_070,Samuel Taylor Coleridge,Ἔρως ἀεὶ λάληθρος ἑταῖρος[462:2],Love & Separation,Romantic,"In many ways does the full heart reveal
The presence of the love it would conceal;
But in far more th' estrangéd heart lets know
The absence of the love, which yet it fain would shew.",https://www.gutenberg.org/ebooks/29090,Public domain / CC0 dataset
LS071,image_071,Walt Whitman,Sometimes with One I Love,Love & Separation,Romantic,"Sometimes with one I love I fill myself with rage for fear I effuse
unreturn’d love,
But now I think there is no unreturn’d love, the pay is certain one
way or another,
(I loved a certain person ardently and my love was not return’d,
Yet out of that I have written these songs.)",https://www.gutenberg.org/ebooks/1322,Public domain / CC0 dataset
LS072,image_072,Samuel Taylor Coleridge,SCENE IX,Love & Separation,Romantic,"What other angel seek I? To this heart,
To this unerring heart, will I submit it,
Will ask thy love, which has the power to bless                     35
The happy man alone, averted ever
From the disquieted and guilty--canst thou
Still love me, if I stay? Say that thou canst,
And I am the Duke's----",https://www.gutenberg.org/ebooks/29090,Public domain / CC0 dataset
LS073,image_073,H. W. Longfellow,SCENE V. -- VICTORIAN'S chambers at  Alcala.  HYPOLITO asleep in,Love & Separation,Romantic,"Hyp.  Ay, there it is! and, if I were in love,
That is the very point I most should dread.
This magic glass, these magic spells of thine,
Might tell a tale were better left untold.
For instance, they might show us thy fair cousin,
The Lady Violante, bathed in tears
Of love and anger, like the maid of Colchis,
Whom thou, another faithless Argonaut,
Having won that golden fleece, a woman's love,
Desertest for this Glauce.",https://www.gutenberg.org/ebooks/1365,Public domain / CC0 dataset
LS074,image_074,Sara Teasdale,This is the spot where I will lie,Love & Separation,Romantic,"""O Soul,"" I said, ""have you no tears?
Was not the body dear to you?""
I heard my soul say carelessly,
""The myrtle flowers will grow more blue.""",https://www.gutenberg.org/ebooks/442,Public domain / CC0 dataset
LS075,image_075,Alfred Tennyson,,Love & Separation,Romantic,"10.
There has fallen a splendid tear
From the passion-flower at the gate.
She is coming, my dove, my dear;
She is coming, my life, my fate;
The red rose cries, *She is near, she is near;'
And the white rose weeps, 'She is late;'
The larkspur listens, 'I hear, I hear;'
And the lily whispers, 'I wait.'",https://www.gutenberg.org/ebooks/56913,Public domain / CC0 dataset
LS076,image_076,Edgar Allan Poe,III,Love & Separation,Romantic,"_Voice_ (_very faintly_). “And is thy heart so strong
As for to leave me thus,
That have loved thee so long,
In wealth and woe among?
And is thy heart so strong
As for to leave me thus?
Say nay! say nay!”",https://www.gutenberg.org/ebooks/76996,Public domain / CC0 dataset
LS077,image_077,Edgar Allan Poe,Kind solace in a dying hour!,Love & Separation,Romantic,"O, she was worthy of all love!
Love as in infancy was mine—
’Twas such as angel minds above
Might envy; her young heart the shrine
On which my every hope and thought
Were incense—then a goodly gift,
For they were childish and upright—
Pure as her young example taught:
Why did I leave it, and, adrift,
Trust to the fire within, for light?",https://www.gutenberg.org/ebooks/76996,Public domain / CC0 dataset
LS078,image_078,H. W. Longfellow,BY THE SEASIDE,Love & Separation,Romantic,"And everywhere
The slender, graceful spars
Poise aloft in the air,
And at the mast-head,
White, blue, and red,
A flag unrolls the stripes and stars.
Ah! when the wanderer, lonely, friendless,
In foreign harbors shall behold
That flag unrolled,
'T will be as a friendly hand
Stretched out from his native land,
Filling his heart with memories sweet and endless!",https://www.gutenberg.org/ebooks/1365,Public domain / CC0 dataset
LS079,image_079,H. W. Longfellow,FROM THE FRENCH,Love & Separation,Romantic,"Hark! hark!
Pretty lark!
Little heedest thou my pain!
But if to these longing arms
Pitying Love would yield the charms
Of the fair
With smiling air,
Blithe would beat my heart again.",https://www.gutenberg.org/ebooks/1365,Public domain / CC0 dataset
LS080,image_080,Samuel Taylor Coleridge,SCENE I,Love & Separation,Romantic,"_Teresa._ Nay, nay, but tell me!                    [_A pause._
O 'tis lost again!
This dull confuséd pain--                           [_A pause._
Mysterious man!
Methinks I can not fear thee: for thine eye                         75
Doth swim with love and pity--Well! Ordonio--
Oh my foreboding heart! And he suborned thee,
And thou didst spare his life? Blessings shower on thee,
As many as the drops twice counted o'er
In the fond faithful heart of his Teresa!                           80",https://www.gutenberg.org/ebooks/29090,Public domain / CC0 dataset
LS081,image_081,Samuel Taylor Coleridge,SCENE II,Love & Separation,Romantic,"_Countess._ 'Twas for that purpose that I bade her leave us.
Thekla, you are no more a child. Your heart
Is now no more in nonage: for you love,
And boldness dwells with love--that you have proved.
Your nature moulds itself upon your father's                        10
More than your mother's spirit. Therefore may you
Hear, what were too much for her fortitude.",https://www.gutenberg.org/ebooks/29090,Public domain / CC0 dataset
LS082,image_082,Samuel Taylor Coleridge,SCENE II,Love & Separation,Romantic,"_Alvar._ I dreamt I had a friend, on whom I leant
With blindest trust, and a betrothéd maid,                         280
Whom I was wont to call not mine, but me:
For mine own self seem'd nothing, lacking her.
This maid so idolized, that trusted friend
Dishonoured in my absence, soul and body!
Fear, following guilt, tempted to blacker guilt,                   285
And murderers were suborned against my life.
But by my looks, and most impassioned words,
I roused the virtues that are dead in no man,
Even in the assassins' hearts! they made their terms,
And thanked me for redeeming them from murder.                     290",https://www.gutenberg.org/ebooks/29090,Public domain / CC0 dataset
LS083,image_083,Samuel Taylor Coleridge,"Tell me, on what holy ground",Love & Separation,Romantic,"In a cottag'd vale She dwells,
Listening to the Sabbath bells!
Still around her steps are seen
Spotless Honour's meeker mien,                                      10
Love, the sire of pleasing fears,
Sorrow smiling through her tears,
And conscious of the past employ
Memory, bosom-spring of joy.",https://www.gutenberg.org/ebooks/29090,Public domain / CC0 dataset
LS084,image_084,Sara Teasdale,,Love & Separation,Romantic,"Hold me on your heart as the brave sea holds the foam,
Take me far away to the hills that hide your home;
Peace shall thatch the roof and love shall latch the door--
_But what if I heard my first love calling me once more?_",https://www.gutenberg.org/ebooks/442,Public domain / CC0 dataset
LS085,image_085,Thomas Hardy,,Love & Separation,Romantic,"WHEN, soul in soul reflected,
We breathed an æthered air,
When we neglected
All things elsewhere,
And left the friendly friendless
To keep our love aglow,
We deemed it endless . . .
—We did not know!",https://www.gutenberg.org/ebooks/3167,Public domain / CC0 dataset
LS086,image_086,Thomas Hardy,,Love & Separation,Romantic,"Sing, Ballad-singer, from your little book;
Make me forget those heart-breaks, achings, fears;
Make me forget her name, her sweet sweet look—
Make me forget her tears.",https://www.gutenberg.org/ebooks/2997,Public domain / CC0 dataset
LS087,image_087,Walt Whitman,,Love & Separation,Romantic,"To crossing swords and gray hairs bared to heaven,
The clear electric base and baritone of the world,
The trombone duo, Libertad forever!
From Spanish chestnut trees’ dense shade,
By old and heavy convent walls a wailing song,
Song of lost love, the torch of youth and life quench’d in despair,
Song of the dying swan, Fernando’s heart is breaking.",https://www.gutenberg.org/ebooks/1322,Public domain / CC0 dataset
LS088,image_088,Walt Whitman,One Hour to Madness and Joy,Love & Separation,Romantic,"O something unprov’d! something in a trance!
To escape utterly from others’ anchors and holds!
To drive free! to love free! to dash reckless and dangerous!
To court destruction with taunts, with invitations!
To ascend, to leap to the heavens of the love indicated to me!
To rise thither with my inebriate soul!
To be lost if it must be so!
To feed the remainder of life with one hour of fulness and freedom!
With one brief hour of madness and joy.",https://www.gutenberg.org/ebooks/1322,Public domain / CC0 dataset
LS089,image_089,Walt Whitman,The Wound-Dresser,Love & Separation,Romantic,"4
Thus in silence in dreams’ projections,
Returning, resuming, I thread my way through the hospitals,
The hurt and wounded I pacify with soothing hand,
I sit by the restless all the dark night, some are so young,
Some suffer so much, I recall the experience sweet and sad,
(Many a soldier’s loving arms about this neck have cross’d and rested,
Many a soldier’s kiss dwells on these bearded lips.)",https://www.gutenberg.org/ebooks/1322,Public domain / CC0 dataset
LS090,image_090,William Blake,I dreamt a dream!  What can it mean?,Love & Separation,Romantic,"And I wept both night and day,
And he wiped my tears away;
And I wept both day and night,
And hid from him my heart’s delight.",https://www.gutenberg.org/ebooks/1934,Public domain / CC0 dataset
LS091,image_091,Alfred Tennyson,,Love & Separation,Romantic,"7.
Yet Maud, altho' not blind
To the faults of his heart and mind,
I see she cannot but love him,
And says he is rough but kind,
And wishes me to approve him,
And tells me, when she lay
Sick once, with a fear of worse,
That he left his wine and horses and play,
Sat with her, read to her, night and day,
And tended her like a nurse.",https://www.gutenberg.org/ebooks/56913,Public domain / CC0 dataset
LS092,image_092,Edgar Allan Poe,III,Love & Separation,Romantic,"_Pol._ Not hear it!—listen now—listen!—the faintest sound
And yet the sweetest that ear ever heard!
A lady’s voice!—and sorrow in the tone!
Baldazzar, it oppresses me like a spell!
Again!—again!—how solemnly it falls
Into my heart of hearts! that eloquent voice
Surely I never heard—yet it were well
Had I but heard it with its thrilling tones
In earlier days!",https://www.gutenberg.org/ebooks/76996,Public domain / CC0 dataset
LS093,image_093,Samuel Taylor Coleridge,Nor travels my meandering eye,Love & Separation,Romantic,"The tears that tremble down your cheek,
Shall bathe my kisses chaste and meek                               80
In Pity's dew divine;
And from your heart the sighs that steal
Shall make your rising bosom feel
The answering swell of mine!",https://www.gutenberg.org/ebooks/29090,Public domain / CC0 dataset
LS094,image_094,Thomas Hardy,,Love & Separation,Romantic,"Or, if a dead Love’s lips, whom dreams reveal
When midnight imps of King Decay
Delve sly to solve me back to clay,
Should leave some print to prove her spirit-kisses real;",https://www.gutenberg.org/ebooks/3167,Public domain / CC0 dataset
LS095,image_095,Thomas Hardy,(“It being deposed that vij women who were mayds before he knew them have,Love & Separation,Romantic,"And Anne cries: “O the time was fair,
So wherefore should you burn down there?
There is a deed under the sun, my Love,
And that was ours.  What’s done is done, my Love.
These trumpets here in Heaven are dumb to me
With you away.  Dear, come, O come to me!”",https://www.gutenberg.org/ebooks/2997,Public domain / CC0 dataset
LS096,image_096,W. B. Yeats,,Love & Separation,Romantic,"She lived in storm and strife,
Her soul had such desire
For what proud death may bring
That it could not endure
The common good of life,
But lived as 'twere a king
That packed his marriage day
With banneret and pennon,
Trumpet and kettledrum,
And the outrageous cannon,
To bundle time away
That the night come.",https://www.gutenberg.org/ebooks/36865,Public domain / CC0 dataset
LS097,image_097,W. B. Yeats,,Love & Separation,Romantic,"She lived in storm and strife.
Her soul had such desire
For what proud death may bring
That it could not endure
The common good of life,
But lived as 'twere a king
That packed his marriage day
With banneret and pennon,
Trumpet and kettledrum,
And the outrageous cannon,
To bundle Time away
That the night come.",https://www.gutenberg.org/ebooks/30488,Public domain / CC0 dataset
LS098,image_098,W. B. Yeats,Suddenly I saw the cold and rook delighting Heaven,Love & Separation,Romantic,"That seemed as though ice burned and was but the more ice,
And thereupon imagination and heart were driven
So wild, that every casual thought of that and this
Vanished, and left but memories, that should be out of season
With the hot blood of youth, of love crossed long ago;
And I took all the blame out of all sense and reason,
Until I cried and trembled and rocked to and fro,
Riddled with light. Ah! when the ghost begins to quicken,
Confusion of the death-bed over, is it sent
Out naked on the roads, as the books say, and stricken
By the injustice of the skies for punishment?",https://www.gutenberg.org/ebooks/30488,Public domain / CC0 dataset
LS099,image_099,W. B. Yeats,Suddenly I saw the cold and rook-delighting Heaven,Love & Separation,Romantic,"That seemed as though ice burned and was but the more ice,
And thereupon imagination and heart were driven
So wild that every casual thought of that and this
Vanished, and left but memories, that should be out of season
With the hot blood of youth, of love crossed long ago;
And I took all the blame out of all sense and reason,
Until I cried and trembled and rocked to and fro,
Riddled with light. Ah! when the ghost begins to quicken,
Confusion of the death-bed over, is it sent
Out naked on the roads, as the books say, and stricken
By the injustice of the skies for punishment?",https://www.gutenberg.org/ebooks/36865,Public domain / CC0 dataset
LS100,image_100,Walt Whitman,Song of the Exposition,Love & Separation,Romantic,"Away with old romance!
Away with novels, plots and plays of foreign courts,
Away with love-verses sugar’d in rhyme, the intrigues, amours of idlers,
Fitted for only banquets of the night where dancers to late music slide,
The unhealthy pleasures, extravagant dissipations of the few,
With perfumes, heat and wine, beneath the dazzling chandeliers.",https://www.gutenberg.org/ebooks/1322,Public domain / CC0 dataset
LS101,image_101,Walt Whitman,Song of the Open Road,Love & Separation,Romantic,"Toward the fluid and attaching character exudes the sweat of the
love of young and old,
From it falls distill’d the charm that mocks beauty and attainments,
Toward it heaves the shuddering longing ache of contact.",https://www.gutenberg.org/ebooks/1322,Public domain / CC0 dataset
LS102,image_102,Edgar Allan Poe,I heed not that my earthly lot,Love & Separation,Romantic,"Hath little of Earth in it,
That years of love have been forgot
In the hatred of a minute:—
I mourn not that the desolate
Are happier, sweet, than I,
But that _you_ sorrow for _my_ fate
Who am a passer-by.",https://www.gutenberg.org/ebooks/76996,Public domain / CC0 dataset
LS103,image_103,Edna St. Vincent Millay,"I said,--for Love was laggard, O, Love was slow to come,--",Love & Separation,Romantic,"""I'll hear his step and know his step when I am warm in bed;
But I'll never leave my pillow, though there be some
As would let him in--and take him in with tears!"" I said.
I lay,--for Love was laggard, O, he came not until dawn,--
I lay and listened for his step and could not get to sleep;
And he found me at my window with my big cloak on,
All sorry with the tears some folks might weep!",https://www.gutenberg.org/ebooks/109,Public domain / CC0 dataset
LS104,image_104,Emily Dickinson,,Love & Separation,Romantic,"We cover thee, sweet face.
Not that we tire of thee,
But that thyself fatigue of us;
Remember, as thou flee,
We follow thee until
Thou notice us no more,
And then, reluctant, turn away
To con thee o'er and o'er,
And blame the scanty love
We were content to show,
Augmented, sweet, a hundred fold
If thou would'st take it now.",https://www.gutenberg.org/ebooks/12241,Public domain / CC0 dataset
LS105,image_105,Gerard Manley Hopkins,PART THE SECOND,Love & Separation,Romantic,"18
Ah, touched in your bower of bone
Are you! turned for an exquisite smart,
Have you! make words break from me here all alone,
Do you!--mother of being in me, heart.
O unteachably after evil, but uttering truth,
Why, tears! is it? tears; such a melting, a madrigal start!
Never-eldering revel and river of youth,
What can it be, this glee? the good you have there of your own?",https://www.gutenberg.org/ebooks/22403,Public domain / CC0 dataset
LS106,image_106,Thomas Hardy,,Love & Separation,Romantic,"The Dame has no regard, alas, my maiden,
For love and loss like mine—
No sympathy with mind-sight memory-laden;
Only with fickle eyne.
To her mechanic artistry
My dreams are all unknown,
And why I wish that thou couldst be
But One’s alone!",https://www.gutenberg.org/ebooks/3167,Public domain / CC0 dataset
LS107,image_107,Walt Whitman,The Sleepers,Love & Separation,Romantic,"I too pass from the night,
I stay a while away O night, but I return to you again and love you.",https://www.gutenberg.org/ebooks/1322,Public domain / CC0 dataset
LS108,image_108,William Wordsworth,And this place our forefathers made for man!,Love & Separation,Romantic,"With other ministrations thou, O nature!
Healest thy wandering and distempered child:
Thou pourest on him thy soft influences,
Thy sunny hues, fair forms, and breathing sweets,
Thy melodies of woods, and winds, and waters,
Till he relent, and can no more endure
To be a jarring and a dissonant thing,
Amid this general dance and minstrelsy;
But, bursting into tears, wins back his way,
His angry spirit healed and harmonized
By the benignant touch of love and beauty.",https://www.gutenberg.org/ebooks/9622,Public domain / CC0 dataset
LS109,image_109,Alfred Tennyson,,Love & Separation,Romantic,"Courage, poor heart of stone!
I will not ask thee why
Thou canst not understand
That thou art left for ever alone:
Courage, poor stupid heart of stone.--
Or if I ask thee why,
Care not thou to reply:
She is but dead, and the time is at hand
When thou shalt more than die.",https://www.gutenberg.org/ebooks/56913,Public domain / CC0 dataset
LS110,image_110,Christina Rossetti,"Long have I longed, till I am tired",Love & Separation,Romantic,"Of longing and desire;
Farewell my points in vain desired,
My dying fire;
Farewell all things that die and fail and tire.",https://www.gutenberg.org/ebooks/19188,Public domain / CC0 dataset
LS111,image_111,Christina Rossetti,Out of the church she followed them,Love & Separation,Romantic,"""Take my share of a fickle heart,
Mine of a paltry love:
Take it or leave it as you will,
I wash my hands thereof.""",https://www.gutenberg.org/ebooks/19188,Public domain / CC0 dataset
LS112,image_112,Christina Rossetti,Out of the church she followed them,Love & Separation,Romantic,"'Take my share of a fickle heart,
Mine of a paltry love:
Take it or leave it as you will,
I wash my hands thereof.'                                        40",https://www.gutenberg.org/ebooks/16950,Public domain / CC0 dataset
LS113,image_113,Christina Rossetti,"The mystery of Life, the mystery",Love & Separation,Romantic,"As Roses that droop
Half warm, half chill, in the languid May,
And breathe out a scent
Sweet and faint;
Till the wind gives one swoop
To scatter their beauty away.",https://www.gutenberg.org/ebooks/19188,Public domain / CC0 dataset
LS114,image_114,Edgar Allan Poe,III,Love & Separation,Romantic,"_Voice_ (_more loudly_). “Is it so strong
As for to leave me thus,
That have loved thee so long,
In wealth and woe among?
And is thy heart so strong
As for to leave me thus?
Say nay! say nay!”",https://www.gutenberg.org/ebooks/76996,Public domain / CC0 dataset
LS115,image_115,Edwin Arlington Robinson,,Love & Separation,Romantic,"O shades of you that loved him long before
The cruel threads of that black sail were spun,
May loyal arms and ancient welcomings
Receive him once again
Who now no longer moves
Here in this flickering dance of changing days,
Where a battle is lost and won for a withered wreath,
And the black master Death is over all,
To chill with his approach,
To level with his touch,
The reigning strength of youth,
The fluttered heart of age.",https://www.gutenberg.org/ebooks/313,Public domain / CC0 dataset
LS116,image_116,Elizabeth Barrett Browning,"Belovëd, thou hast brought me many flowers",Love & Separation,Romantic,"Plucked in the garden, all the summer through,
And winter, and it seemed as if they grew
In this close room, nor missed the sun and showers.
So, in the like name of that love of ours,
Take back these thoughts which here unfolded too,
And which on warm and cold days I withdrew
From my heart’s ground.  Inde",https://www.gutenberg.org/ebooks/2002,Public domain / CC0 dataset
LS117,image_117,Emily Dickinson,,Love & Separation,Romantic,"The sweeping up the heart,
And putting love away
We shall not want to use again
Until eternity.",https://www.gutenberg.org/ebooks/2678,Public domain / CC0 dataset
LS118,image_118,Gerard Manley Hopkins,44,Love & Separation,Romantic,"I am in Ireland now; now I am at a third
Remove. Not but in all removes I can
Kind love both give and get. Only what word
Wisest my heart breeds dark heaven's baffling ban
Bars or hell's spell thwarts. This to hoard unheard,
Heard unheeded, leaves me a lonely began.",https://www.gutenberg.org/ebooks/22403,Public domain / CC0 dataset
LS119,image_119,Sara Teasdale,,Love & Separation,Romantic,"In many another soul I broke the bread,
And drank the wine and played the happy guest,
But I was lonely, I remembered you;
The heart belongs to him who knew it best.",https://www.gutenberg.org/ebooks/591,Public domain / CC0 dataset
LS120,image_120,Thomas Hardy,A TIME there was—as one may guess,Love & Separation,Romantic,"None suffered sickness, love, or loss,
None knew regret, starved hope, or heart-burnings;
None cared whatever crash or cross
Brought wrack to things.",https://www.gutenberg.org/ebooks/2997,Public domain / CC0 dataset
LS121,image_121,Thomas Hardy,WHEN we as strangers sought,Love & Separation,Romantic,"And we were left alone
As Love’s own pair;
Yet never the love-light shone
Between us there!
But that which chilled the breath
Of afternoon,
And palsied unto death
The pane-fly’s tune.",https://www.gutenberg.org/ebooks/3167,Public domain / CC0 dataset
LS122,image_122,Walt Whitman,Passage to India,Love & Separation,Romantic,"Down from the gardens of Asia descending radiating,
Adam and Eve appear, then their myriad progeny after them,
Wandering, yearning, curious, with restless explorations,
With questionings, baffled, formless, feverish, with never-happy hearts,
With that sad incessant refrain, Wherefore unsatisfied soul? and
Whither O mocking life?",https://www.gutenberg.org/ebooks/1322,Public domain / CC0 dataset
LS123,image_123,William Wordsworth,"How rich the wave, in front, imprest",Love & Separation,Romantic,"Such views the youthful bard allure,
But, heedless of the following gloom,
He deems their colours shall endure
’Till peace go with him to the tomb.
--And let him nurse his fond deceit,
And what if he must die in sorrow!
Who would not cherish dreams so sweet,
Though grief and pain may come to-morrow?",https://www.gutenberg.org/ebooks/9622,Public domain / CC0 dataset
LS124,image_124,Christina Rossetti,Young Love lies sleeping,Love & Separation,Romantic,"Young Love lies dreaming
Till summer days are gone,
Dreaming and drowsing
Away to perfect sleep:
He sees the beauty
Sun hath not looked upon,
And tastes the fountain
Unutterably deep.",https://www.gutenberg.org/ebooks/19188,Public domain / CC0 dataset
LS125,image_125,Christina Rossetti,Young Love lies sleeping,Love & Separation,Romantic,"Young Love lies dreaming
Till summer days are gone,--
Dreaming and drowsing
Away to perfect sleep:
He sees the beauty
Sun hath not looked upon,
And tastes the fountain
Unutterably deep.                                                40",https://www.gutenberg.org/ebooks/16950,Public domain / CC0 dataset
LS126,image_126,Emily Dickinson,,Love & Separation,Romantic,"You left me, sweet, two legacies, --
A legacy of love
A Heavenly Father would content,
Had He the offer of;",https://www.gutenberg.org/ebooks/2678,Public domain / CC0 dataset
LS127,image_127,Emily Dickinson,,Love & Separation,Romantic,"As by the dead we love to sit,
Become so wondrous dear,
As for the lost we grapple,
Though all the rest are here, --",https://www.gutenberg.org/ebooks/2679,Public domain / CC0 dataset
LS128,image_128,Gerard Manley Hopkins,44,Love & Separation,Romantic,"To seem the stranger lies my lot, my life
Among strangers. Father and mother dear,
Brothers and sisters are in Christ not near
And he my peace my parting, sword and strife.
England, whose honour O all my heart woos, wife
To my creating thought, would neither hear
Me, were I pleading, plead nor do I: I wear-
y of idle a being but by where wars are rife.",https://www.gutenberg.org/ebooks/22403,Public domain / CC0 dataset
LS129,image_129,Percy Bysshe Shelley,FRAGMENT: SUPPOSED TO BE AN EPITHALAMIUM OF FRANCIS RAVAILLAC,Love & Separation,Romantic,"I pondered on the woes of lost mankind,                              _5
I pondered on the ceaseless rage of Kings;
My rapt soul dwelt upon the ties that bind
The mazy volume of commingling things,
When fell and wild misrule to man stern sorrow brings.",https://www.gutenberg.org/ebooks/4800,Public domain / CC0 dataset
LS130,image_130,Robert Browning,"""CHILDE ROLAND TO THE DARK TOWER CAME""",Love & Separation,Romantic,"While some discuss if near the other graves
Be room enough for this, and when a day
Suits best for carrying the corpse away,
With care about the banners, scarves, and staves:
And still the man hears all, and only craves
He may not shame such tender love and stay.",https://www.gutenberg.org/ebooks/16376,Public domain / CC0 dataset
LS131,image_131,Robert Browning,A PRETTY WOMAN,Love & Separation,Romantic,"Then how grace a rose? I know a way!
Leave it, rather.                                                        70
Must you gather?
Smell, kiss, wear it--at last, throw away.",https://www.gutenberg.org/ebooks/16376,Public domain / CC0 dataset
LS132,image_132,Robert Browning,FEARS AND SCRUPLES,Love & Separation,Romantic,"Loved I not his letters deg. full of beauty?                                      deg.5
Not his actions famous far and wide?
Absent, he would know I vowed him duty,
Present, he would find me at his side.",https://www.gutenberg.org/ebooks/16376,Public domain / CC0 dataset
LS133,image_133,Sara Teasdale,,Love & Separation,Romantic,"You love me, and I find you still
A spirit beautiful and bright,
Yet I am I, who long to be
Lost as a light is lost in light.",https://www.gutenberg.org/ebooks/442,Public domain / CC0 dataset
LS134,image_134,Sara Teasdale,,Love & Separation,Romantic,"I thought of you and how you love this beauty,
And walking up the long beach all alone
I heard the waves breaking in measured thunder
As you and I once heard their monotone.",https://www.gutenberg.org/ebooks/591,Public domain / CC0 dataset
LS135,image_135,Sara Teasdale,To-night I close my eyes and see,Love & Separation,Romantic,"The years went by and never knew
That each one brought me nearer you;
Their path was narrow and apart
And yet it led me to your heart--
Oh, sensitive, shy years, oh, lonely years,
That strove to sing with voices drowned in tears.",https://www.gutenberg.org/ebooks/442,Public domain / CC0 dataset
LS136,image_136,Thomas Hardy,IF but some vengeful god would call to me,Love & Separation,Romantic,"From up the sky, and laugh: “Thou suffering thing,
Know that thy sorrow is my ecstasy,
That thy love’s loss is my hate’s profiting!”",https://www.gutenberg.org/ebooks/3167,Public domain / CC0 dataset
LS137,image_137,Thomas Hardy,THE fiddler knows what’s brewing,Love & Separation,Romantic,"“There’s many a heart now mangled,
And waiting its time to go,
Whose tendrils were first entangled
By my sweet viol and bow!”",https://www.gutenberg.org/ebooks/2997,Public domain / CC0 dataset
LS138,image_138,W. B. Yeats,"Indignant at the fumbling wits, the obscure spite",Love & Separation,Romantic,"Of our old Paudeen in his shop, I stumbled blind
Among the stones and thorn trees, under morning light;
Until a curlew cried and in the luminous wind
A curlew answered; and suddenly thereupon I thought
That on the lonely height where all are in God's eye,
There cannot be, confusion of our sound forgot,
A single soul that lacks a sweet crystaline cry.",https://www.gutenberg.org/ebooks/36865,Public domain / CC0 dataset
LS139,image_139,Walt Whitman,,Love & Separation,Romantic,"O glad, exulting, culminating song!
A vigor more than earth’s is in thy notes,
Marches of victory--man disenthral’d--the conqueror at last,
Hymns to the universal God from universal man--all joy!
A reborn race appears--a perfect world, all joy!
Women and men in wisdom innocence and health--all joy!
Riotous laughing bacchanals fill’d with joy!
War, sorrow, suffering gone--the rank earth purged--nothing but joy left!
The ocean fill’d with joy--the atmosphere all joy!
Joy! joy! in freedom, worship, love! joy in the ecstasy of life!
Enough to merely be! enough to breathe!
Joy! joy! all over joy!",https://www.gutenberg.org/ebooks/1322,Public domain / CC0 dataset
LS140,image_140,Walt Whitman,The Return of the Heroes,Love & Separation,Romantic,"Nor do I forget you Departed,
Nor in winter or summer my lost ones,
But most in the open air as now when my soul is rapt and at peace,
like pleasing phantoms,
Your memories rising glide silently by me.",https://www.gutenberg.org/ebooks/1322,Public domain / CC0 dataset
LS141,image_141,William Blake,,Love & Separation,Romantic,"O virgin know'st thou not our steeds drink of the golden springs
Where Luvah doth renew his horses: lookst thou on my youth.
And fearest thou because I vanish and am seen no more.
Nothing remains; O maid I tell thee, when I pass away.
It is to tenfold life, to love, to peace, and raptures holy:
Unseen descending, weigh my light wings upon balmy flowers:
And court the fair eyed dew, to take me to her shining tent
The weeping virgin, trembling kneels before the risen sun.
Till we arise link'd in a golden band and never part:
But walk united bearing food to all our tender flowers.",https://www.gutenberg.org/ebooks/574,Public domain / CC0 dataset
LS142,image_142,William Blake,NURSE'S SONG,Love & Separation,Romantic,"When the voices of children are heard on the green,
And laughing is heard on the hill,
My heart is at rest within my breast,
And everything else is still.
""Then come home, my children, the sun is gone down,
And the dews of night arise;
Come, come, leave off play, and let us away,
Till the morning appears in the skies.""",https://www.gutenberg.org/ebooks/574,Public domain / CC0 dataset
LS143,image_143,Robert Browning,A PRETTY WOMAN,Love & Separation,Romantic,"So, we leave the sweet face fondly there,
Be its beauty
Its sole duty!
Let all hope of grace beyond, lie there!",https://www.gutenberg.org/ebooks/16376,Public domain / CC0 dataset
LS144,image_144,William Blake,,Love & Separation,Romantic,"And there the lion’s ruddy eyes
Shall flow with tears of gold:
And pitying the tender cries,
And walking round the fold:
Saying: ‘Wrath by His meekness,
And, by His health, sickness,
Is driven away
From our immortal day.",https://www.gutenberg.org/ebooks/1934,Public domain / CC0 dataset
LS145,image_145,William Blake,And there the lion's ruddy eyes,Love & Separation,Romantic,"Shall flow with tears of gold:
And pitying the tender cries,
And walking round the fold:
Saying: ""Wrath by His meekness,
And, by His health, sickness,
Are driven away
From our immortal day.",https://www.gutenberg.org/ebooks/574,Public domain / CC0 dataset
LS146,image_146,William Blake,THE SCHOOLBOY,Love & Separation,Romantic,"Oh father and mother, if buds are nipped,
And blossoms blown away;
And if the tender plants are stripped
Of their joy in the springing day,
By sorrow and care's dismay,--",https://www.gutenberg.org/ebooks/574,Public domain / CC0 dataset
LS147,image_147,Edna St. Vincent Millay,,Love & Separation,Romantic,"Love has gone and left me and I don't know what to do;
This or that or what you will is all the same to me;
But all the things that I begin I leave before I'm through,--
There's little use in anything as far as I can see.",https://www.gutenberg.org/ebooks/109,Public domain / CC0 dataset
LS148,image_148,Robert Browning,,Love & Separation,Romantic,"The Piper's face fell, and he cried,
""No trifling! I can't wait! Beside,
I've promised to visit by dinner-time
Bagdat, and accept the prime
Of the Head-Cook's pottage, all he's rich in,
For having left, in the Caliph's deg. kitchen,                                  deg.179
Of a nest of scorpions no survivor:                                         180
With him I proved no bargain-driver,
With you, don't think I'll bate a stiver!
And folks who put me in a passion
May find me pipe after another fashion.""",https://www.gutenberg.org/ebooks/16376,Public domain / CC0 dataset
LS149,image_149,Robert Browning,LOVE AMONG THE RUINS,Love & Separation,Romantic,"And I know--while thus the quiet-coloured eve
Smiles to leave                                                          50
To their folding, all our many-tinkling fleece
In such peace,
And the slopes and rills in undistinguished gray
Melt away--
That a girl with eager eyes and yellow hair
Waits me there
In the turret whence the charioteers caught soul
For the goal,
When the king looked, where she looks now, breathless, dumb
Till I come,                                                             60",https://www.gutenberg.org/ebooks/16376,Public domain / CC0 dataset
LS150,image_150,Thomas Hardy,UPON a noon I pilgrimed through,Love & Separation,Romantic,"But grows my grief.  When I surcease,
Through whom alone lives she,
Ceases my Love, her words, her ways,
Never again to be!",https://www.gutenberg.org/ebooks/3167,Public domain / CC0 dataset
